StudentID,Program,Residence,Year,GPA,LibraryVisitsPerWeek,NightCanteenSpendHKD,SportsMinutesPerWeek,LectureAbsencesPerMonth,SocialEventsPerMonth
1,MATH,UHall,UG2,2.8955886543420015,6.424747733377395,119.67999906932344,68.21451071536333,2.2649570377883688,0.8564510868246764
2,COMP,Village,UG4,3.310851861537025,2.8682374365250154,94.25959261475168,110.42495908725633,2.578624428905388,1.2551299373123732
3,MATH,SKL,UG1,2.8104730112021397,4.69704815163938,104.0017710365065,107.04250082118811,1.9301465481854065,2.0877191174022753
4,CIVL,Village,UG3,2.8901334481425525,3.9627443568714993,189.29529059657287,63.86318463015944,2.861109218297656,3.7426202480307422
5,COMP,Village,UG2,3.279440947369447,5.3769559412685775,55.882816124125696,74.7000917427942,3.0436034843068946,2.7140254826125316
6,BBA,OffCampus,UG4,2.9163491287097085,3.4976253867805775,127.9853818954864,0.0,2.8857980908705745,6.203001856570302
7,MATH,SKL,UG4,3.2280209820186903,0.19136822119350194,178.84859755819812,57.10473145936389,2.7674475241322742,4.805847260032822
8,CIVL,UHall,UG4,3.3090561016108055,4.748597179112894,50.09251355309089,39.923475877953734,1.0410395290564036,1.5387929173855488
9,COMP,Village,UG2,3.1054125601848033,5.266739371917207,125.88349089730944,97.67184827729831,1.2878853127950975,2.0944091611583313
10,MATH,UHall,UG2,2.9144059493993058,4.233352335488733,81.41568244163774,71.94377687145021,1.1579655127331399,0.4899499172012207
11,CIVL,Village,UG4,3.204003427461722,7.066837987436849,173.52424565989196,14.131649905250754,1.0129427793751618,1.4145076932943235
12,COMP,UHall,UG2,3.149799138572598,8.555803835141072,9.35365364639252,129.92943308632837,0.9308166621219556,1.5392279295615507
13,MATH,SKL,UG3,3.3137233209731796,6.382053026727753,135.1507111993724,139.75811549328202,0.6999358096511369,1.5840038919329682
14,COMP,Village,UG3,3.125407929595081,3.8870734563403424,207.16428123052876,7.961814856303853,3.5608254670504413,2.4064422571916073
15,ELEC,Village,UG2,4.0,7.3602517344171146,112.27575101164601,91.0234463118245,0.9296151357836657,2.932875555924702
16,MATH,Village,UG3,2.435067775306904,4.7019323951138405,166.91501284971446,32.45392525498679,3.1731469775022743,4.549024457624926
17,ELEC,OffCampus,UG4,2.6844312877017975,4.248707991378012,162.07870858573187,0.0,4.0851042058714215,4.360004673639085
18,COMP,Village,UG2,2.6388810981252306,5.542406402609247,118.71161188795944,53.673843022013166,0.7725793708176926,1.689807017969907
19,BBA,SKL,UG1,3.093298432857102,5.784235451085833,150.54719583189063,90.59880087304425,0.19963724464561972,1.9676899125805094
20,MATH,UHall,UG1,3.0228677284484053,0.693553150992642,34.04519124173707,121.40641024663601,0.6453179227378847,2.288788580589568
21,BBA,SKL,UG2,3.3178861085530844,1.0846572679778017,74.81773161729475,0.0,1.4116049612085504,0.32366680327463937
22,COMP,Village,UG1,3.370641886157162,5.3923970772917915,112.02641936127557,128.94721519519032,0.9752966429859172,1.2827860416416812
23,COMP,OffCampus,UG3,3.325838809307628,7.072419543373026,103.55889744778099,134.00179633445504,0.7802606149982465,0.5779879469468923
24,MATH,OffCampus,UG4,3.274760537355285,2.1453827143860553,196.8015653478804,65.37907665789523,2.437015852608625,3.8710764394774078
25,COMP,Village,UG1,3.1435933020332136,5.005441664761432,161.02380586881438,75.7472658630059,0.0,1.610909350137861
26,COMP,SKL,UG1,3.5408296306857583,2.3212142307178523,113.58940043640214,123.88419576834515,2.1170325947549253,1.549306415620177
27,ELEC,OffCampus,UG4,3.95827258462213,11.550015077110832,68.29217291958551,117.7682901064867,1.1081405705248522,1.7717559794523305
28,ELEC,SKL,UG2,3.1810198587203837,6.2891596807811885,127.6225996450642,99.64216370257385,0.3657238161201662,2.3367374162083863
29,BBA,Village,UG3,3.3501331550555955,3.4575037631740986,76.33872985974098,32.760397184595675,3.6639158610228515,1.8088520037752505
30,ELEC,OffCampus,UG2,3.7955757860282264,11.975485725040613,138.19442468501325,77.62093001542681,0.0,4.959278783568655
31,MATH,UHall,UG4,3.1961315983979097,3.8351707257139576,86.22731517453691,74.33454420367627,1.4950865076104312,2.6153979626153254
32,MATH,Village,UG2,3.833680131620033,4.6124298922687075,160.74996376766654,85.98519393791993,0.4721579907221957,1.2882501168289051
33,COMP,OffCampus,UG1,2.553988119484809,2.9845249960182505,206.23770943204158,36.07230287745749,2.2733736090275,5.99320904127616
34,MATH,SKL,UG2,3.6640665672351247,11.782157659682346,193.15069172189718,128.66520763306914,0.610305799330791,4.189751368705858
35,CIVL,OffCampus,UG2,3.159864171401886,5.333449325863958,80.74633345799278,37.613842300478545,1.5724258682097987,2.262235715570353
36,COMP,Village,UG1,3.0107916781037263,3.745903483691828,48.08011706806461,108.89854921605473,1.7990396342639066,0.5055697358399394
37,CIVL,UHall,UG3,3.289583357315906,3.077086468723669,138.59733396020414,127.22576577312152,1.5830507017222484,2.290541988144174
38,ELEC,Village,UG3,3.683093961023381,6.248233539133502,107.21803920058542,105.40169577037781,1.709227780484425,3.385413284888187
39,CIVL,OffCampus,UG4,3.055895759492797,3.358828348017718,250.97613607612374,0.0,3.28926914988207,5.294359646001166
40,COMP,SKL,UG4,3.3868914845393863,6.703495586330475,108.82168115576593,52.632080255672996,1.0145273478431016,0.5559981308694342
41,COMP,Village,UG2,3.7535239738685267,6.316476349135735,146.8530140106801,209.0058499661759,1.5004277705613305,3.537140388214968
42,ELEC,Village,UG2,3.4673868572005926,4.236678384151398,122.38372050176362,167.49016459615385,0.01893113342021846,2.697146154041388
43,CIVL,Village,UG1,2.9255381057572065,6.502677274284537,129.11534137680852,35.751039399656285,3.27857189550058,6.077549662145656
44,MATH,SKL,UG4,3.1611258894127445,0.0,102.55573885648512,63.038302152052395,3.4114758685547777,2.3641237082358275
45,CIVL,Village,UG4,2.8043243119196166,6.1804057516302295,116.55156091499103,100.64854898843456,1.420834654401585,1.1877728209990244
46,CIVL,Village,UG1,3.1694698865155297,4.160837652282037,220.5775725026862,64.13194277445132,3.187401269688232,5.232032867161197
47,BBA,SKL,UG4,3.1635102261116903,2.3335794457281778,57.767231000584395,78.71494807985766,0.0,2.5132006433038283
48,CIVL,OffCampus,UG3,3.631219947072981,9.63000628150862,130.21733864637525,123.25523795116489,1.1895704762092958,2.139861233040625
49,MATH,Village,UG4,3.026230854998155,0.1652598936196572,192.21516632251377,33.69382809519793,3.775355834242471,7.020846740078169
50,CIVL,UHall,UG1,3.5217105726232862,4.142419622346445,36.80287897274915,97.82675215934967,0.0031965237061841734,3.0147845484528855
51,COMP,UHall,UG2,3.1958253982924942,1.7850144203515494,76.57725711310731,61.447116959526255,3.266376565658353,2.1792891164603407
52,MATH,Village,UG4,3.1218732691409397,1.0339422600208137,191.59666111702805,108.17490167043752,3.198623634323055,5.79327803472829
53,COMP,Village,UG3,3.8112883229327252,10.73778289877701,140.10905777082772,86.53872600581207,0.19734534706155193,2.6220769810185387
54,COMP,Village,UG3,2.8762824802645595,3.8210004817661103,62.82730322369919,135.8748988467075,0.816000640226265,1.751746202658865
55,ELEC,OffCampus,UG1,3.274101421550561,6.22639416753844,45.64739027060211,67.65223028531196,0.0,2.600720715985138
56,ELEC,SKL,UG2,3.3745080016536497,10.32509585700779,142.52143701980634,152.6620507153996,0.2351313687056209,4.085024394003219
57,BBA,UHall,UG3,2.9179795967408735,4.533829662380013,125.73048192583644,93.66889618812583,1.4475361921412495,0.16673114192210425
58,MATH,SKL,UG4,3.7275408587699825,7.922105584834151,116.39216256352066,78.95778307546168,0.35468096648814673,3.4484034642130648
59,COMP,UHall,UG2,3.196326391636462,6.096570318057665,79.61605542386934,108.62737297012855,1.6968231425631126,2.414208851527222
60,CIVL,OffCampus,UG4,3.774879406797451,9.584429141998408,62.88799419380004,163.36742580280864,0.0,2.748252492924186
61,BBA,UHall,UG3,3.2034753639656075,7.472805842626845,92.95980453652197,8.518707969305893,0.4287269828804734,1.2759513542659593
62,ELEC,Village,UG1,3.606192440602594,8.351854459656971,69.70022667861645,130.6620850897337,2.0567768481172517,2.731739846381932
63,ELEC,UHall,UG4,2.510412393091368,3.997148172635231,149.84327847253576,43.688074396141715,3.3653320593987086,5.977790820329366
64,MATH,Village,UG4,3.150655845348637,7.461154711254719,61.32812597764067,98.1484944458567,2.1234479454601116,0.0
65,BBA,OffCampus,UG3,2.964782280995563,1.3163302354532094,87.59683292598544,45.7442752047385,3.1409834504600265,6.181302764963636
66,ELEC,UHall,UG2,3.7165480018364567,9.069063365487562,122.56033629241882,119.54604734392053,1.866937114917186,2.1296113856547456
67,ELEC,Village,UG3,3.8700411230612803,9.377617629899943,63.7934100885168,112.38292190848075,1.964498574735006,3.4010642497200916
68,MATH,OffCampus,UG3,2.687748049962917,0.0,219.95143563047728,0.0,3.265923832846742,5.275900365761727
69,MATH,SKL,UG2,3.087372158915123,1.4438915362476143,150.73782289485086,86.84388683056834,4.141623596652674,6.105449217968912
70,ELEC,OffCampus,UG2,3.4641541373913833,8.88287720554588,63.59178626852862,105.95896088817636,2.6969621883810104,3.3650170835800535
71,CIVL,UHall,UG3,2.5702405934405568,4.23400345070308,162.85804994917544,94.0393494640803,3.2832070204264157,4.681076880614573
72,COMP,Village,UG2,3.546716397213891,6.137715658838642,97.28860932316263,143.5801390201469,0.9168177910025501,1.0238775213563358
73,COMP,UHall,UG1,3.102768175422755,6.099939208621754,106.33998448033574,42.39468293341998,0.909666713254211,1.9632280807825488
74,BBA,OffCampus,UG1,3.0249285613716506,5.46466163407168,111.05310071898668,55.780769576885945,1.4625210466982232,0.14594374214530081
75,MATH,UHall,UG3,2.850363854028432,2.3406681903998203,158.05543552440832,36.598943107417085,1.7442587386748818,5.344167688006814
76,BBA,OffCampus,UG3,3.2863959569608063,9.603421464554124,46.64378233971922,57.8648892560163,0.6930971481771177,2.602328903092878
77,ELEC,SKL,UG2,3.9798739903203955,7.435888284168929,164.72909598492626,103.30969871308005,0.3440199826258921,1.686456532116366
78,ELEC,OffCampus,UG2,3.338973042547294,6.515806817876188,19.27012390039137,79.51899937124952,0.061726220906948015,2.355389469328655
79,CIVL,OffCampus,UG2,3.4204626749598783,11.95767147419199,148.9785106200118,140.0460123467106,0.003486475954068924,3.1996396842766868
80,MATH,SKL,UG4,3.4232321222083266,7.299291652301006,39.22722459455492,76.80285012521534,1.7826705481562015,1.0938461406810949
81,MATH,UHall,UG2,2.6612383277218243,1.646281208810581,184.8525114953114,49.066298782271446,1.512141645073702,5.175795733621151
82,CIVL,Village,UG4,2.688920270002523,1.9524202649989073,16.667680684745502,117.41448072343331,0.6521580544998256,1.9741232278153684
83,CIVL,OffCampus,UG3,2.9628168672207966,4.441434705496682,198.75002695049196,0.0,1.7854632212864343,1.143309500887953
84,MATH,UHall,UG4,3.273022884371464,5.987956906492649,94.93658571826954,62.228662552102506,0.7886152726529357,1.0251881970937022
85,ELEC,UHall,UG4,3.534680534692965,8.206509307428863,94.65849602905827,134.27872755282368,0.0,0.7543027787435514
86,ELEC,OffCampus,UG4,3.4734902182161878,9.99417602090788,54.321824140679155,19.759068382053506,1.8674589141526972,1.6305868800304504
87,COMP,UHall,UG2,3.2278307390901175,6.300165884793333,63.36410632179425,64.10043721153812,0.0,2.944930315340474
88,COMP,SKL,UG2,3.088650164828666,5.12245398941271,28.102931364388564,82.04068896520951,0.0,1.9298791918736706
89,MATH,Village,UG3,3.216673120924674,5.520706166820313,57.904841583043236,38.85484409416279,1.9709295371562048,1.8472153605908157
90,ELEC,OffCampus,UG2,3.046184801474416,4.123130331933121,42.475549348589745,38.81598415212367,1.76805453654263,4.299037188405775
91,MATH,OffCampus,UG4,2.8258357920926067,1.3927195954585971,163.01709370291456,0.0,1.243541298868732,2.6518775570582087
92,MATH,OffCampus,UG4,2.851702577274364,6.901626455174622,144.49839796635604,47.327906621345434,1.5405451863777906,1.1661221981636045
93,MATH,OffCampus,UG4,3.1473569097723453,4.13253206826866,84.52290665825095,130.06923080409794,0.4640039417380898,0.0
94,ELEC,UHall,UG1,3.7050602785130122,10.566404582104377,124.26020114530213,80.45372920486301,1.3078499574655402,2.301170617305932
95,CIVL,Village,UG1,3.628674077666745,6.0012403486523915,177.42126277552788,183.12004451813723,0.0,3.6807079197258186
96,BBA,OffCampus,UG1,3.158302081465667,0.0,213.73350694202793,0.0,3.106697338429283,2.791066792264484
97,COMP,Village,UG2,3.7896944761149167,11.604810540416583,117.25965558735057,108.34042428649636,1.6245507798734855,2.935123633139769
98,MATH,SKL,UG4,2.5769302135451464,1.6261958234484553,149.8744144607333,67.77345477089447,2.573239988584389,4.894663901245928
99,MATH,UHall,UG4,2.7434944985288485,3.4691294094969414,106.00191212410311,34.493562959884784,2.2675385919066238,2.314713835984437
100,COMP,Village,UG3,2.9035373042275383,7.445854616999232,51.29631238317833,84.11465016631495,0.23922985744861136,1.3281379775572848
101,COMP,UHall,UG3,3.5817504439132226,7.130028957482574,47.111216736695475,113.1412727185459,1.1274301332583696,1.184795891388173
102,ELEC,Village,UG1,2.9538530258260742,5.374957754264611,14.346883766655822,97.03797813052284,2.1746900677332452,2.774339760937113
103,COMP,OffCampus,UG3,3.56621958069884,8.752244218735937,174.437583488368,139.88810643485422,0.5257784605907981,2.599429472735888
104,MATH,UHall,UG2,3.5660060047490956,9.820854096510464,156.07426543281477,121.26521327496859,0.5539899228106023,2.6426358799393643
105,MATH,Village,UG4,3.253943823535874,3.1115160713035945,62.45482307246618,145.0176677102965,1.2672805990106013,2.002379870106891
106,COMP,Village,UG1,3.4625820778062293,4.336132526430657,10.336328748326437,92.31840336130745,0.2613142973801922,1.079117828503422
107,ELEC,Village,UG2,3.311567978737451,13.407765637116178,107.74906524364287,180.5288480832244,0.0,2.7948772707755984
108,ELEC,SKL,UG2,3.3828549639778474,4.5806229728953625,87.51847572028245,97.44250198772683,0.0,3.0741912728870977
109,COMP,OffCampus,UG1,3.2428110427899366,7.304312754595886,153.27866741896145,63.53109538892421,0.0,1.6363154605139476
110,COMP,SKL,UG1,2.837918140333368,8.304157371741102,26.09108650195719,116.74849557450447,0.8394830788326594,2.8753365030596454
111,CIVL,SKL,UG1,3.5255801692293356,9.984461691371942,92.10622109158444,100.25866757341433,0.18443799325403343,2.387417900054244
112,BBA,OffCampus,UG3,2.888192658862558,5.845123239348304,82.2008311210484,91.91352651763837,0.5571465108391631,0.0
113,ELEC,Village,UG2,3.4527386193820733,0.0,91.05109680816774,80.85862258566704,1.019334033619683,2.133753963894083
114,COMP,Village,UG3,3.3167345250690037,9.293129472409507,103.00814737052305,91.28726804953092,0.21843428384789837,4.36620759127507
115,CIVL,UHall,UG1,3.285921217141103,3.786114491691979,143.53067625043707,80.06148536513673,0.6685154813505161,2.9399700125365777
116,COMP,SKL,UG3,3.709274040351435,9.379157185480778,78.88412622420964,142.07452410864045,1.0172763056819003,0.928579963515328
117,BBA,Village,UG2,3.367475726013618,9.376311755136673,79.87712816624082,84.59376768403044,0.0,1.938849820359635
118,ELEC,UHall,UG2,3.176543301648581,5.619108389270344,71.66904308280954,101.3192964380199,0.27368647154958614,2.5968112556680136
119,ELEC,Village,UG2,3.4245042288399077,1.5673084661899823,59.99957382222776,60.26182621216516,1.5630531350017227,0.7387565029014835
120,MATH,UHall,UG1,3.197665826992266,6.801190875938783,39.27501773278705,9.924284873024675,0.5327439882452477,0.7735530086429301
121,COMP,SKL,UG2,3.121611777818944,5.8378168744448775,68.70577114589312,131.78514236052715,0.4225139394807008,2.239308910802859
122,COMP,OffCampus,UG3,3.7112903457467548,8.697558015227045,112.56626764594195,139.20329200795686,0.9484537556445698,2.626656083605973
123,MATH,UHall,UG1,3.455885191488964,6.93454571456958,77.61218866525522,108.27098227166857,1.5973993048553754,2.899156467982588
124,MATH,SKL,UG4,3.157671923157309,2.494122804189772,86.02947759469873,45.07513254042443,2.925134265304476,2.9904873684449034
125,MATH,Village,UG2,3.05536382839233,3.0689116363952986,175.14575110879417,15.046187594830105,2.783152106211742,6.117663285003134
126,ELEC,Village,UG1,2.6867503289289636,5.7386059700633725,46.85997040496975,127.83380573441573,1.347365518125252,0.9360599559128044
127,ELEC,UHall,UG2,3.942061150983272,6.449919738147692,155.71822907809937,160.06101946711902,0.0,4.113082912552153
128,ELEC,UHall,UG3,2.5053043946881295,0.0,164.69195240859437,44.039460840992795,3.8424834525097467,6.419365653302802
129,ELEC,Village,UG4,2.882670299700187,6.6007546622586,125.24470553326634,33.1768317888084,1.7093780717915295,0.0
130,MATH,OffCampus,UG1,3.784427392609371,10.302877779697578,152.27448891733266,72.66573983998379,2.1584918915699363,5.524617534115569
131,COMP,SKL,UG2,2.7003391533965546,0.9134653531785162,150.70728646407872,131.08802487905479,2.548475679060484,4.840474683296502
132,MATH,Village,UG1,3.4715325494873768,6.046062011479361,148.51240738035642,154.40593418150286,0.0,2.4429268166038822
133,ELEC,Village,UG3,3.629583620502551,12.187007868321942,137.86423735473622,118.99126564353242,0.2899702103380818,3.1756485245634805
134,COMP,Village,UG2,3.704371064928041,6.054935125665425,147.7873948206751,91.11019986824883,0.0,2.0752018535374006
135,COMP,Village,UG2,3.3679848984023564,4.959413959101521,78.20567445235751,109.4183364999271,0.34464798977885147,1.3453978393648593
136,COMP,SKL,UG1,3.049321432505044,4.83251850782644,119.27246398319254,69.46565354795095,0.12680681695253615,1.6633928722301032
137,ELEC,OffCampus,UG4,3.210888204546665,8.614655430090234,116.06623067877166,90.93077948015559,1.6304557892380007,1.483169274653063
138,ELEC,Village,UG3,3.718456730751743,9.722059814364831,131.49597811092278,106.4670503297124,1.2196747095062075,3.4696351028571946
139,ELEC,OffCampus,UG4,3.008280796525015,10.284442392108831,37.60906555776396,61.6255760247687,1.048294937450776,0.0
140,MATH,OffCampus,UG2,2.5967943973238556,1.312850411824688,184.45402163380658,64.168354723086,2.7608917827782307,4.547556710187218
141,COMP,OffCampus,UG1,3.911410559850788,5.510580624342099,118.25287742110685,126.10190047406581,0.7314060765999091,3.6380274635060617
142,MATH,UHall,UG1,3.1828874512415237,5.455798162746834,87.23938035604937,140.2259480130976,1.9900588122313407,2.245371241862189
143,COMP,OffCampus,UG1,3.1127338744331663,7.216751763666825,0.0,155.17086112705005,1.0727253494170135,3.194586566362216
144,CIVL,SKL,UG3,3.568696705929268,7.2052170619903295,100.30401255516684,124.22135266660742,0.7837144851111181,4.561498213528566
145,COMP,Village,UG3,3.5711669269014514,4.481985425643827,68.9085443128342,21.528608698088227,1.890233339080472,1.7528183520613108
146,BBA,UHall,UG1,3.0758708617073642,3.6625159675680448,50.18049689925326,122.64147046720706,0.0,3.104028894762865
147,COMP,Village,UG1,4.0,6.364710144480171,116.85368941874803,127.04354354866761,0.19944317289569907,2.5376801828122915
148,BBA,UHall,UG2,3.018143232642872,4.5566207212313214,61.85959867745003,57.48271462632507,0.38008833325608604,0.834720611334139
149,COMP,OffCampus,UG2,3.634983288084567,7.679382223691304,96.0822487202525,135.7830285825644,0.8488400441411545,6.1907218889843865
150,MATH,SKL,UG3,3.2137760882075126,7.827909114283803,151.24150941727535,103.25597226576261,0.47726683829272387,1.7977207323990514
151,COMP,SKL,UG3,3.6848018240725375,5.983054426252308,167.44549163961244,134.1656524738459,0.0,2.454039846494987
152,BBA,Village,UG2,3.2344685631725407,7.257889520872398,90.78872897005459,113.04414195678521,1.3663135192444862,0.0
153,BBA,Village,UG1,3.9292167352905167,5.770762161012671,195.7872576784345,178.52015622598387,1.8088538606159785,5.365621554463537
154,ELEC,SKL,UG1,3.839323693603284,6.302409041871707,135.7604633142347,139.3782744041969,1.3224641436184994,2.7501813904518997
155,COMP,Village,UG3,2.845634722200208,5.934495598019679,60.41047063482472,154.05795324492692,1.9180026576454998,3.1634217906635307
156,COMP,OffCampus,UG1,3.039844514162694,5.911785550167254,102.85751335142565,44.13096895647679,1.8379679545833432,3.0721231224616803
157,COMP,Village,UG2,3.4898783090969343,11.884298964024394,146.376526352128,105.56147460944852,0.5832438604407887,2.2457287986518053
158,MATH,UHall,UG3,3.2513422386038346,6.253859901867914,90.5782107814943,26.654249600243233,2.3298376199808613,0.6789899112483719
159,COMP,UHall,UG2,3.2423957664898446,6.244089619987205,111.08296295690867,0.0,1.0343744105919406,1.3040397359708455
160,MATH,Village,UG2,3.492509751145728,3.911216446866974,97.56251192239493,113.86194464471826,0.9906776740503054,4.05318964167129
161,BBA,Village,UG1,3.852343662139606,4.87606021737106,103.19398854464654,105.43904759388882,1.5389044118257633,2.1130130675025307
162,MATH,SKL,UG2,3.0906260359467046,6.412704576448112,163.17558959042066,96.49406541498388,0.7284335217259693,3.965038633462827
163,BBA,UHall,UG3,2.770515661124433,5.366590809123326,143.2288455690593,18.791749610126814,0.8366958821617163,0.0
164,BBA,Village,UG3,3.246970577004286,2.348678749741329,88.74101733713269,144.3015171189559,1.0104464977793253,0.11394754955703079
165,COMP,SKL,UG2,2.441056459167751,2.5913607820736932,154.30570407359028,41.24857587241402,1.8271948082403777,4.951105965599465
166,COMP,UHall,UG1,3.449325418517451,6.473958323392033,63.1112584559159,74.0323358452822,1.2377445626428834,1.166104490788958
167,ELEC,UHall,UG3,3.2385112472638706,10.044629829682926,95.76646363455573,185.68236040847563,0.10457582465758708,2.9843509635882053
168,COMP,SKL,UG2,2.8314919254569646,2.973885695662717,206.78952845314757,58.80175251716237,3.4679837176158297,5.0984537079583205
169,MATH,OffCampus,UG2,3.1182692091511885,5.0983136617020195,94.59292521946871,46.04286544607304,1.7637087379580167,2.8315124919266563
170,COMP,UHall,UG1,2.8144800040825255,2.932704023613063,50.25183333930253,65.99107556540272,1.0108683124218578,2.928883485174742
171,COMP,UHall,UG1,3.4417802776910316,12.163801487026763,137.1891897756483,83.34441286348404,0.09122072698361228,2.0152275119302643
172,MATH,SKL,UG3,2.909534734862724,0.0,206.8916575081281,0.0,2.366071586519947,6.121482919482167
173,MATH,SKL,UG1,3.5389364505805117,6.341313221954327,131.99125272273952,117.56323073668634,1.7692968119161963,4.0786829194893865
174,ELEC,Village,UG3,3.2085160356549762,6.388049324537623,101.5376574952639,34.98497630690046,1.3227831976059141,1.2963279131935528
175,COMP,Village,UG2,3.34063648767497,7.213508402151093,141.0758126934188,137.31428680345948,0.9410078292963597,0.7437861479300736
176,CIVL,SKL,UG2,2.647772903819892,1.93218502830387,111.52568147349709,2.846440941573057,0.4193752912028652,1.419911136556532
177,MATH,UHall,UG2,3.3842362293876036,3.869044549326083,132.18098531505447,28.034252235054765,1.0243051064948188,1.40862554551217
178,BBA,OffCampus,UG4,3.5688685367200472,7.715002735700106,156.6966190316013,51.795227005872114,2.99230412739024,6.126605704458026
179,MATH,OffCampus,UG4,3.273221197211818,6.416934693581262,141.23169731284423,77.1231801942167,0.734472939368354,1.5616114215029122
180,COMP,OffCampus,UG3,2.633877588828842,1.9242923113773724,176.3459376773278,55.97947543324153,2.9490503087485496,4.861397051985844
181,ELEC,SKL,UG3,2.7159617194972485,1.2080742584389437,197.9147853519955,111.75099890607969,3.9887235419846303,5.4267014032672405
182,ELEC,Village,UG4,3.264623432704538,6.816615928867588,168.12649261097803,30.52370907611598,2.1621096362064627,2.1751132587921
183,MATH,Village,UG4,3.558163238552975,2.4453945355828237,200.47074120689967,85.36454062055101,3.7387263443125844,3.936800167103829
184,ELEC,SKL,UG2,3.837791468980487,5.579772925768251,163.47438233219972,164.95386784735817,0.788395004240583,1.7075839160531916
185,ELEC,SKL,UG2,2.719042080918636,4.6926664732668,229.51890366310096,84.09991208565329,3.6520576172226686,4.687406235169796
186,MATH,SKL,UG1,3.4823549969823016,3.3705262034414174,85.99755225086628,88.13361883448158,1.0548735739428343,1.8122242889646942
187,ELEC,SKL,UG3,3.526519906941216,8.83935580861647,135.24002395400777,81.14803041782349,0.0,3.3972963900635675
188,CIVL,Village,UG3,2.8621415312482905,0.0,116.94918073044293,18.41075559097798,2.157156246867259,7.172445560701899
189,COMP,Village,UG1,2.9239843426439114,4.425478991525724,2.903308877189735,118.49169791262754,0.4393034339267937,2.27929381816199
190,ELEC,OffCampus,UG1,3.2812193196277173,5.012557221629985,68.37279701474552,113.76512229389584,1.0402625773296992,0.24980879921388577
191,CIVL,Village,UG3,3.8011748608486506,6.886295551280747,131.72804884701264,148.1041780770329,0.21974280424420323,1.2384777310724409
192,MATH,SKL,UG2,3.5859449930824923,5.918421248940876,117.68681886014211,104.92033852670835,1.6200257593879497,0.6452255929657595
193,MATH,Village,UG3,2.910986325290894,6.895263711319438,67.452872573916,54.05256825173615,0.676338422972913,0.5464946923551006
194,COMP,Village,UG1,3.778874727003317,4.704473390216773,77.36575720386155,143.41562232845033,1.8065557984479628,1.748333283552515
195,ELEC,OffCampus,UG1,3.2859192770716126,6.9295609049668165,117.91375241011625,122.10515159702011,1.249356895321746,1.54133454593203
196,MATH,Village,UG4,3.0830346813569496,8.26335790014813,71.90508623158215,128.08117480587754,0.8488762642595993,0.0
197,BBA,SKL,UG3,2.9589828749518974,0.8950336703894672,101.78776256408841,68.79997355161811,2.9005114256868296,2.787563135422542
198,COMP,Village,UG3,2.806664359777581,5.644877671291791,170.43698842291164,58.086438349525125,3.319023872948147,5.454314514552601
199,BBA,Village,UG2,2.694357777172074,6.057993722475063,159.93077883434404,9.682441691085696,3.6393467791599816,3.197751440208206
200,COMP,OffCampus,UG2,3.454055790845657,3.0056987758657066,131.89400074317376,69.89203761300165,0.3325187305081103,2.6632059338155356
201,MATH,UHall,UG3,2.867820599735743,4.570157003946907,133.77525589465452,51.29979963753517,2.847752225515112,4.373598052493121
202,MATH,UHall,UG3,2.9418626568794535,0.0,101.05262927991159,36.47613568036768,3.9546514059746545,4.448904645643049
203,ELEC,UHall,UG1,3.178776898539246,3.8500435057954925,63.06165639058678,54.88538672511544,0.5696311921704538,3.1680674852280637
204,MATH,Village,UG4,3.2051480795861607,6.061833338828714,70.65163575943777,47.8364921622418,1.1242915707557084,0.0
205,MATH,UHall,UG4,2.825971733407993,1.0788816478487142,231.86672287664098,0.0,2.5608408526540205,4.507608831284677
206,COMP,SKL,UG1,3.364145431991556,6.207945366483728,15.528766723400409,140.47094581437858,1.8939210326820914,2.563828000789602
207,MATH,UHall,UG1,3.468431485880928,9.571370199962722,111.62418394644486,141.19319082498768,1.4963131697562222,2.224628654221456
208,MATH,OffCampus,UG3,3.336138391763255,1.382825998253501,209.89426010156845,34.004054022988385,3.4811090345055935,5.709481599227891
209,ELEC,OffCampus,UG4,2.8257100336555387,4.745064161107956,211.86881456635757,59.274290230153326,2.9017707810276243,2.9289043702219804
210,BBA,UHall,UG4,3.2055365947128847,5.016780850461668,127.48746191452801,88.74502140323109,1.3265252884809935,0.7272814573574178
211,COMP,UHall,UG3,3.5525949095039357,8.640269109782894,68.70944546273277,103.76593335584306,1.1091273133097768,2.3691380203316994
212,MATH,SKL,UG2,3.3840601390040153,9.961010575072804,142.47795335266272,166.0472035600913,2.199584985540385,2.5820777621693196
213,ELEC,Village,UG4,2.776839689325877,3.3200223490936143,102.14318426340537,117.10370614505146,0.8136269253217678,2.2237144513006024
214,ELEC,OffCampus,UG3,3.2250115952247613,8.352003377834968,96.70272222153163,184.082793536573,0.5955985300411701,3.828287976923728
215,MATH,OffCampus,UG3,3.068387769050271,3.1960067159970986,146.48483135178043,60.75157178372034,3.251852804802735,7.424956686615058
216,MATH,UHall,UG1,3.344964885586129,6.918518801648599,132.37400472821392,92.16752048046517,0.9358548228805044,3.1660246161679697
217,MATH,SKL,UG1,2.940878812906703,5.146034556777179,48.85197687512225,36.98023379953101,0.0,2.834305533614369
218,MATH,OffCampus,UG3,2.9749674253553002,1.15519602777842,199.73580495720358,41.55158503329393,2.827529368386881,4.271981206845261
219,CIVL,SKL,UG4,2.792503762698943,0.0,254.9257294671298,52.02370757025598,2.3004856306168397,4.5824180860594526
220,CIVL,OffCampus,UG1,2.7971806406557875,1.9146745207630993,187.8701759331143,69.93131026760895,2.247392299128019,4.024956181494725
221,BBA,UHall,UG1,2.975087467593621,5.499507541059499,68.46177863497205,49.25034352610491,1.70881254651438,0.0
222,ELEC,SKL,UG4,3.3235862805907126,5.989069159902167,101.95203563851511,100.1693746628095,0.45576542705671735,3.2916132959974576
223,MATH,UHall,UG3,3.3677146839906547,6.7418278379218926,119.91509056528767,140.86114751103804,0.0,2.7590548806403152
224,BBA,OffCampus,UG3,2.7578472260354623,7.677510154366746,40.93784364157594,99.32121427703572,1.6817399513037339,1.9053437816901302
225,CIVL,SKL,UG1,3.3109974646550255,4.9398941590650045,33.64636043445382,86.40771866463069,1.2157243794672703,2.1749489658392447
226,MATH,UHall,UG3,2.938873561047038,2.1397679999736816,182.3592985565358,30.16368635417475,2.6105388246367736,5.120344038951543
227,ELEC,OffCampus,UG2,4.0,5.951104159477799,129.5814351419507,182.4694885761395,1.2272314391912593,2.3231844816472913
228,COMP,UHall,UG3,3.20222892168584,2.8618291987387914,53.1205098951593,144.38560034820856,1.0590136315721734,2.878649703233938
229,ELEC,Village,UG4,3.3829799896654724,4.801029189447011,207.72199385957788,30.371655635297607,3.4431498509590828,4.283343252958419
230,COMP,SKL,UG2,3.4542572030131176,7.521077750209155,0.0,101.80097586189684,3.099150360114275,1.8838015773819454
231,ELEC,OffCampus,UG2,3.4334616149276385,2.6831050494384856,106.15971381770142,137.7592033923687,1.0575005970127722,4.035881174017186
232,ELEC,Village,UG3,3.782337468021454,10.252737780164725,227.9957864719004,124.59509649754777,1.7215929009776914,2.7969750036418883
233,CIVL,SKL,UG1,2.942223135190824,3.3373011754080633,125.94732206203847,17.53473896058891,3.158565253792618,5.804671271209987
234,MATH,Village,UG2,4.0,11.689611333577066,89.06828249217654,155.298121684938,0.0,1.5287729059327206
235,CIVL,OffCampus,UG1,3.167147375968367,5.851666514769411,109.74580727054138,45.932720816567524,1.6209435947688842,0.24839751482823957
236,MATH,Village,UG1,3.066391235084183,2.5687490314127492,153.0354173460567,67.88163547111556,1.2315967094256752,7.292419466774359
237,ELEC,UHall,UG2,4.0,7.112899393117009,134.09942249377394,74.9472933386759,0.4128039525804095,3.386561231485677
238,CIVL,SKL,UG2,3.7118376994681754,9.19509644060471,124.84766010753651,127.12004252973237,1.0769553844489441,2.3326237806468164
239,ELEC,Village,UG2,3.244172814126763,8.921929868512684,104.06739388192987,149.4278426151656,0.9021111540766573,3.1457744069830853
240,CIVL,Village,UG1,2.6483547530565237,4.1242542080321325,83.17293586002017,103.45285598017506,0.5651330915557777,0.20180732268392299
241,ELEC,SKL,UG2,3.182607344113377,6.972530989020781,130.5786508034295,53.824088872940145,0.39733147658053625,0.0
242,MATH,SKL,UG4,3.1384949240421243,4.09256219881287,61.128453854285134,90.35447131879789,1.5103876448995721,1.4146885000106273
243,ELEC,OffCampus,UG3,3.0398105825724384,6.333542742092421,198.70554982192093,86.52993490987546,0.1922537359009353,2.733789862080198
244,BBA,SKL,UG4,3.5756555563054073,5.83159590011738,29.48936119553472,88.42152718817471,2.786373565694406,0.9272471331913659
245,CIVL,OffCampus,UG2,3.165148564892409,0.14600934539203525,105.31294205935436,56.59241412731989,3.3812697614462173,4.560299038868012
246,ELEC,SKL,UG3,3.5423013453721794,1.8796897406121804,41.34209835259285,89.72034776972266,0.05715029600643717,0.18829235688220702
247,MATH,OffCampus,UG3,3.1365471939185485,1.930473756763811,181.21681307298613,87.16937875528055,2.8270736587842715,4.728178269077805
248,CIVL,OffCampus,UG3,3.1391755761462856,3.779396531118871,148.09029431286365,62.95708645737909,4.247253614975145,5.540241386380838
249,BBA,Village,UG4,3.164059510839367,1.9694278719757914,187.51660366258034,32.375305652298515,0.9617197562354534,2.090421456135241
250,COMP,SKL,UG1,3.675900267817921,3.6236924170361497,103.71336472272492,101.36189285584352,1.311462478163047,3.19448151172559
251,BBA,OffCampus,UG2,2.9255220408779308,6.252976681146549,186.13259152808743,92.96196827833731,2.7180227832925388,6.424867387080336
252,MATH,OffCampus,UG2,2.9099307358316353,3.4463052240571597,172.21396062807864,54.891895746665725,2.7395765089780317,5.567533469530311
253,MATH,Village,UG4,3.846267700692859,12.172479430596635,172.39290514163014,120.62218558206028,0.13660292727056755,1.6523760360843487
254,BBA,SKL,UG4,2.8076917625976727,1.8240134767650602,135.57626799546546,4.915228883485838,4.053511236110978,4.625713080606967
255,COMP,Village,UG3,2.9572108940657635,3.1003402490246326,153.6821733110067,122.92710233812133,1.0982584528481911,1.1323737247363974
256,MATH,UHall,UG3,3.35301765072053,5.25974488501141,84.97757698234844,174.64105987678306,1.356510221062099,3.460862838318463
257,MATH,OffCampus,UG4,3.3232819852743036,9.57616516327919,70.32617578416549,42.56798678437062,0.6911854300857914,1.318525416603715
258,MATH,SKL,UG4,3.087998826282229,0.0017845802372136177,180.72865773746543,41.510749585743476,3.8497762247264733,6.116226002083761
259,ELEC,SKL,UG3,2.606154215430477,3.415469024274799,161.7878477627443,24.033412721064487,3.1556887122536343,4.2931004900559655
260,CIVL,SKL,UG2,3.048867715785286,3.9198037482691057,134.74069162381122,19.484181234476473,2.031842359784993,4.422011778829767
261,BBA,SKL,UG2,3.1990288553277617,7.018316816140235,140.50933907179905,54.012534122150136,1.3156028128327522,0.4876878358178949
262,ELEC,Village,UG1,3.0851635048569452,6.017155997217198,59.867175630781546,125.47724457568717,1.0374983866040992,1.0521623879272444
263,ELEC,OffCampus,UG3,2.4630026650060355,0.15567004246670368,108.44917912739271,39.1813699682973,3.8397246238108558,6.453027476683175
264,CIVL,SKL,UG1,2.61042325269679,4.107826293717308,120.4829780928398,81.45294729477405,3.0245353600369733,3.763605917781262
265,MATH,Village,UG3,3.1405683707964815,0.5551848537270474,142.56435710261948,68.55943492953551,1.3202414267018272,4.6672598013075275
266,COMP,SKL,UG2,3.76458844258356,7.48342706182827,80.15888038949198,117.68698529813074,0.8461626916358859,5.3389064620235835
267,ELEC,UHall,UG3,3.144489060205244,7.3329916899464305,74.30289457463215,116.89463166212481,0.09335334303394527,2.2202653874857954
268,COMP,SKL,UG2,3.485568305149499,5.04931964489611,21.38760983332298,51.396618958559614,0.9942188485977776,4.165180886654674
269,CIVL,Village,UG2,3.140124083793642,3.5038230467865406,207.21790736157635,42.90849449321527,2.5206798313932253,3.0624138041816344
270,MATH,Village,UG3,2.600861825419625,1.0020244929437416,152.26917524339675,62.47419643283207,2.433630081737731,6.3633965317653765
271,CIVL,OffCampus,UG3,3.462924050040215,6.390850857822781,165.53799432279484,117.5235452636907,0.6084421621171556,3.5881000004279273
272,COMP,UHall,UG2,2.9861380685332475,1.1211589629052088,81.63450740554352,109.54158075911242,0.7458496793520155,1.5599075657876877
273,ELEC,OffCampus,UG3,3.055969057653988,8.749575299758988,179.28851921304943,42.56262992762024,3.890049985615839,4.359562714257213
274,BBA,OffCampus,UG4,2.756048244433202,5.394654005766739,150.01310616574185,104.9663775554865,3.809327429108945,0.0
275,ELEC,UHall,UG1,3.725505816085113,5.989774364752389,82.06241702987907,159.7613083150028,1.669369880115406,3.518859569945157
276,COMP,UHall,UG1,3.635639090550102,3.9511067794201233,41.56227692555152,79.16766791384713,0.0,0.6489217171492361
277,BBA,UHall,UG2,3.0477719813404427,10.315368547437092,91.82849269360993,92.07046577488501,0.6709262226228281,3.132033996385549
278,ELEC,OffCampus,UG2,3.409087837213695,5.922576730134371,52.38874891250936,94.75884567165093,1.92768967236486,0.0
279,COMP,Village,UG2,3.31505243154644,9.567910402634658,150.26151595416638,91.31962205567933,0.40640006700371706,4.255240630108453
280,ELEC,OffCampus,UG1,3.378754415074665,5.940711477033943,28.8887404400762,66.23146533725271,0.8577305874612975,0.11556089904921274
281,MATH,UHall,UG3,4.0,7.59984587920392,93.91425078245649,67.08915040817328,1.1383321426323838,3.19005172343608
282,MATH,UHall,UG3,2.910408561417384,5.028322502992496,0.0,115.87747821504932,2.631825064069437,3.2263240569379583
283,BBA,Village,UG1,2.728939637559593,6.361999791384563,107.02984451810545,74.69605339910277,0.5597978894715199,1.7535702487235685
284,MATH,SKL,UG3,3.203597678575605,5.292970269168336,223.74902346326982,0.0,2.4735879514602104,5.999433127301368
285,ELEC,Village,UG3,3.8619010602456907,5.833063791726472,108.24058229583285,167.9492706833894,2.15330502446681,1.3798242602036135
286,CIVL,Village,UG1,3.3114819786308796,4.929367853614417,96.29344916785946,86.74468243695169,0.8855443718274931,2.028554739756342
287,ELEC,Village,UG3,2.833382296701769,6.04973141080194,102.37171338342885,155.44170596891166,1.246411685387886,1.476094603274051
288,COMP,UHall,UG1,3.077505956122009,3.583072661690826,63.892619523528595,82.14989082136726,1.1882018119093885,5.9096356500763205
289,BBA,OffCampus,UG4,2.7643669526695582,3.742879026473089,97.12589620712892,62.90986895317645,3.5098341360258023,4.91295583525601
290,COMP,UHall,UG2,3.242436597824243,5.792227676111466,0.0,97.54306577796916,1.690436089752851,0.8358455079197298
291,MATH,OffCampus,UG2,2.9118410742471985,0.0,187.52838866547873,20.796703982102525,3.0744701721155145,4.831758771416638
292,ELEC,OffCampus,UG3,3.3618799142825457,5.834428847089468,95.97968926905664,134.97180482924503,1.5254747528668933,1.7196054837910024
293,ELEC,Village,UG2,3.511929427019626,2.5416482193673247,135.19621045652912,49.6254104586219,0.23505782461534963,4.654627201245922
294,COMP,OffCampus,UG2,3.7533459548487,8.897233970094026,69.70898000381561,167.46377178121733,0.9377428671376914,3.850068554665251
295,ELEC,Village,UG2,3.7929913594697324,7.652633195956293,129.69682986356491,96.83804373423166,0.09560769140374137,4.647931017484353
296,ELEC,Village,UG2,3.0137777864342343,5.7255796074608725,197.64374507705003,56.41983722844664,2.9243888927816704,4.639496781523802
297,COMP,SKL,UG3,3.491415851012861,6.618090321054309,51.22986455903191,77.56852129278408,1.5610654275670561,2.00126459151207
298,ELEC,SKL,UG2,3.5648146910817577,8.359057867859894,56.93516042031374,118.04076799406008,0.4708760120118963,2.5114674077718764
299,COMP,UHall,UG2,3.3767952813487865,10.921873868651229,145.82710831711498,159.76072706623052,1.3069398474833496,2.266594022188427
300,COMP,Village,UG1,3.8053140218048767,7.598432604591485,43.84431976956819,92.51968605693509,0.7017755505870307,2.4801728444138025
301,MATH,SKL,UG2,3.773909553790844,8.370609919368585,156.01000185806964,127.23088320055442,2.441568942269411,4.222129127394155
302,COMP,Village,UG2,3.5683216773132695,4.141526616953195,21.736917777219855,125.43746739313357,0.9173195888621022,3.069195135291413
303,MATH,UHall,UG3,3.54369193688474,4.517188458638637,75.82370920667064,123.16113900695632,1.2128408341954038,2.455823808515029
304,CIVL,OffCampus,UG2,3.3598493704215775,0.20704015013211263,148.06730163827422,23.814180329779095,3.9589294372596786,5.180217328456984
305,BBA,SKL,UG2,3.0738751013085417,0.299254986567111,80.07444875047207,132.28170962963992,0.5647530901795483,2.988327657438953
306,CIVL,OffCampus,UG3,2.7759710568507394,7.8163406980516745,134.9620835984782,49.66708888059212,3.235335656712595,2.070327842115833
307,MATH,OffCampus,UG3,2.6189111707201445,7.054255391550829,153.94298996297962,75.72647502726159,2.933274115712512,4.979254838635291
308,MATH,OffCampus,UG2,3.4059333847424207,5.690462269060148,76.40003811300461,132.839832615506,1.9047088175500244,2.7600103538006135
309,COMP,Village,UG3,3.752612300356077,9.293052627376063,138.25944363291956,121.2893375861215,0.9945820153696971,2.2249398889748933
310,BBA,SKL,UG4,3.014648249253011,4.06166642999868,191.20448527924623,9.404124738604946,2.5547913373689353,5.164165329356796
311,MATH,SKL,UG4,3.1227275198044198,3.254062462087519,263.63492732037895,68.24868844958732,2.9339691701009887,5.65052487234464
312,ELEC,SKL,UG2,3.672290274206994,6.37181538655641,151.58803914674462,136.4018836324925,0.06691801762220573,5.234480201623896
313,MATH,SKL,UG2,3.0473910101919612,0.8179142911195201,135.25129869005022,0.0,4.306522158791516,6.331601976886819
314,MATH,Village,UG3,2.9891438920288427,1.1160339168416262,167.71003468801374,7.552589520708871,1.538000625718679,4.17729566058084
315,MATH,OffCampus,UG4,2.8847951697750256,3.4438499770882505,195.9293289889851,18.48563300080793,3.464982882743587,6.141496730297085
316,MATH,UHall,UG3,3.3019583993154122,12.148706832172287,83.82408274212068,111.31169762219012,0.996732387736525,0.0
317,COMP,UHall,UG1,3.3812797188296657,5.32777774559505,48.3364196426458,115.55218070347799,1.246285734260556,1.5440408838317659
318,COMP,OffCampus,UG2,3.2947056012658402,5.320260948909049,95.49032828205677,50.855112997235636,1.65330389098163,0.0
319,CIVL,OffCampus,UG3,4.0,9.989726230078855,94.95805914975577,140.2756507550912,0.34684866640941253,3.2180122878328254
320,COMP,UHall,UG2,3.100574840406029,3.316497786567327,51.82137093412135,102.58486884303149,0.7478205092051473,0.8155237807366693
321,ELEC,Village,UG2,3.3888486479786395,8.016155819084622,98.94957326188916,192.67235151818932,0.0,3.6821593025095214
322,MATH,Village,UG4,3.1344997425525714,6.6293157498590105,94.60358957266814,63.28263084748616,0.8177547089464663,1.4544806651118427
323,COMP,UHall,UG1,2.8355967359155327,3.422021308796548,216.11533208580542,29.70753387279656,3.341654129201716,3.3799127804396703
324,ELEC,Village,UG3,3.2683587382994483,6.1467646605159665,92.32071761801518,123.35536252874128,1.0977875922496718,2.802135173751878
325,MATH,UHall,UG2,3.422994619512521,2.681250591401805,82.01883290646089,69.08310671986851,0.6365502714059512,2.4373361835744163
326,COMP,UHall,UG4,3.8493181851842464,10.380641039726129,128.87204029530403,91.71682085341966,2.1549338030038236,2.795163846403551
327,CIVL,Village,UG3,3.016295953796782,3.3092030856528987,160.35430900938974,34.01106724583998,3.2218211875370026,6.633873458085203
328,COMP,UHall,UG2,3.253601313850802,4.136004263587093,102.12595851473256,141.34871122882464,2.0477128803860287,0.07414247097572302
329,MATH,UHall,UG3,3.0258981945472665,3.889295903014814,94.99498007227847,25.768608844000816,2.0785273856906925,2.2367330764638993
330,CIVL,Village,UG3,3.687607851028753,8.576001106851534,73.89746703059404,160.14070265458753,0.810354408632694,3.017255193728776
331,COMP,OffCampus,UG2,3.556760171970903,3.454060957707231,135.65235498805248,108.78405290501426,1.653603612312847,2.785386800714529
332,CIVL,SKL,UG2,3.701362287861023,5.434914503623306,117.29797263782768,124.49940213578685,0.3556228242339706,2.173023619004301
333,COMP,OffCampus,UG2,3.5054935939665395,6.54520617379937,102.90021887477226,61.590862817860696,0.4975949163180736,0.26741329610579245
334,CIVL,OffCampus,UG4,2.9628640343136405,3.6037438905936643,125.4160584734818,91.28448215276862,2.593290824098082,5.248062469134096
335,ELEC,OffCampus,UG2,3.5741066476650247,8.775703157274343,80.18792555290511,114.33010721683048,2.274122606929865,3.290847493150598
336,ELEC,UHall,UG1,3.228275639372819,5.567755100558579,76.0522067276882,95.75982899989664,0.10390958519975291,2.5833794454498475
337,BBA,SKL,UG4,3.768609844006888,6.508555094625815,165.1854552065971,126.78963520586096,0.08542131503339268,1.045979620147223
338,COMP,UHall,UG2,2.783906500638882,8.036990124332943,144.7223821310164,46.98259689469024,3.4869913495461455,5.856869690971041
339,BBA,OffCampus,UG2,2.6319526944619405,0.724665900812083,130.68367174248718,32.79440924564067,3.044536984930942,4.179769574951006
340,COMP,Village,UG4,2.3831296730701315,0.0,225.115498598443,51.84444209280029,3.3646489745606605,7.325252709425065
341,BBA,SKL,UG4,3.3129027829283912,5.572085384766779,61.064723424677204,79.18568101996141,2.3900178133720873,1.6605349940532164
342,ELEC,OffCampus,UG1,3.1743136415403503,8.901121028003669,142.5990292774918,122.8308443063787,0.9488444812958381,2.3616494911934196
343,CIVL,OffCampus,UG3,3.0412704342858605,5.567196547964133,102.90055887580787,73.71012606424735,1.6837292975701863,1.5728609735936876
344,COMP,OffCampus,UG2,3.006176673000754,6.6194030282158804,52.408695381246936,34.986337998239634,2.1045443762079663,0.02280205574366878
345,ELEC,UHall,UG1,3.6824056791332964,4.548246334672207,10.329783565562362,139.1858939478784,0.6731833850846018,2.1378035374415973
346,ELEC,Village,UG3,3.66042212470957,11.815286280306772,114.8985108619496,128.5348504684055,0.0,1.7460085090828628
347,CIVL,Village,UG4,3.5020964783325192,11.835170688473031,142.09320960244733,111.50358155133166,0.6567242320344923,2.34020829847224
348,ELEC,Village,UG2,3.528711460330468,7.673177646680327,150.39975158669273,142.27088064163374,0.19293141655256874,2.9133641139981545
349,COMP,Village,UG1,3.120830563659422,5.352851484675148,61.84603746589165,133.74012765135123,1.230292770698572,3.72816566263855
350,BBA,UHall,UG2,3.311274124303465,3.9808671931305515,123.05240390892206,110.43514120466486,1.57936256328651,0.0
351,BBA,Village,UG2,3.622362970830865,9.051667078185536,118.11973663892746,113.64549482248151,0.0,1.8228434961345998
352,CIVL,UHall,UG1,3.955449499237131,9.810424796679637,143.2186526146958,122.95418092893298,0.0,2.3576094189773107
353,COMP,UHall,UG1,3.762026256292136,4.83616206548156,66.90929093738201,46.46830312620475,1.5967076384892767,2.5151268469393226
354,MATH,Village,UG1,3.5664591733868782,7.5538427202459575,119.40024928459974,128.4092809807596,0.9919732253910261,2.0447821612860837
355,ELEC,Village,UG2,3.6858555686706547,6.914750828098885,107.300091313063,52.06595841078065,2.228718740702513,4.429509399590804
356,ELEC,Village,UG3,2.6500702516459915,5.991886662081937,91.00858694711599,68.32976321438582,1.1531530799259555,2.3940199442674146
357,COMP,OffCampus,UG1,3.236640978142446,3.640840986851264,76.75985500165923,61.49950967730433,1.387231233899898,1.0132276590537355
358,COMP,OffCampus,UG2,3.4933627959844027,8.734583533285576,79.82914549917407,117.71146179722899,0.7365554316663026,1.9710595961866588
359,MATH,UHall,UG2,3.74904020999485,8.5362565166563,84.18390771858057,105.5684666332321,0.0021039086043298516,4.9367795822029406
360,COMP,UHall,UG1,3.2228691868845085,6.686169028879017,65.3871554308526,73.42935736089669,1.2555402542120127,4.137145354152674
361,MATH,Village,UG3,3.669229847595378,7.640757036624663,90.8333579896789,72.9933375688024,0.9764092030229975,0.4655419476169872
362,ELEC,OffCampus,UG2,2.903843011170589,0.0,177.10323018288722,63.103465422150805,3.888143213137907,6.499038112871563
363,ELEC,SKL,UG2,3.198733012421669,4.665513536466257,122.09699908373318,44.27750162984657,1.4638148202534138,1.3603510881170018
364,ELEC,OffCampus,UG3,2.6511066418418365,0.2968299048551506,207.66069622086675,56.555309743265035,5.497901703055614,5.297708124193205
365,CIVL,Village,UG2,3.5040779450001307,9.869894909587943,170.35315830794195,15.677009416774936,2.0128518690356563,4.127784161984295
366,ELEC,Village,UG4,3.042413697961141,5.010666212816149,21.1095904914949,42.62645834637054,3.753895757166493,0.750361535407885
367,ELEC,SKL,UG2,2.4563708207998753,6.842454112544483,144.3816147953388,37.02862221442801,4.678250271298537,3.2748636932354067
368,COMP,UHall,UG1,3.103562938601497,1.7439254707765621,127.19787748018427,105.07773025562386,0.7770270815405321,1.3565900831573967
369,CIVL,UHall,UG1,3.2831493233111715,3.268364394839879,125.5149068680715,150.5975436905968,1.282414044799304,3.5589626932517655
370,MATH,OffCampus,UG1,3.344932581143864,3.995944377448374,95.29123781581002,73.20498452633628,1.1902861118690962,0.02826968482832548
371,MATH,SKL,UG4,3.060439308843022,1.0953842463973071,194.11379277851472,42.984303839497095,3.2021029275996193,4.9755865826467
372,COMP,SKL,UG2,3.409408637372882,6.945695465321958,60.04481101824416,37.32828139081289,2.6456471581564136,2.888613933505755
373,CIVL,SKL,UG2,3.110463110870048,5.278441051306298,157.08158245605532,52.143036817209776,0.5228537090823246,1.0504696914174168
374,MATH,OffCampus,UG1,3.8312393221461676,8.183030165780565,131.14498397867766,80.95925919045143,0.9246212624274234,3.449106443047206
375,MATH,OffCampus,UG3,3.5725740652980464,6.980796466351651,71.02383003478798,149.61062140546963,1.699318766349637,4.599906936044449
376,ELEC,UHall,UG1,3.7907639885011655,12.219310340956364,96.85201848676317,133.41420469367662,0.1752325832743304,4.975896047540279
377,CIVL,Village,UG3,2.6012522899111947,3.410082648372151,195.46752886749982,77.45757957680146,1.9106589909676102,5.989957805429588
378,MATH,OffCampus,UG2,2.947187514265632,5.167931901658897,149.82466732486998,64.66958534730169,3.2915235504692646,5.487903071861623
379,ELEC,OffCampus,UG1,3.8360900557426656,3.7107683160015403,127.60749650969011,31.659283462809285,0.0,2.4204070477977684
380,MATH,UHall,UG4,2.7343407995161932,6.953702849195329,143.10647758146675,14.416741380411285,3.8314421312096374,5.270085064196769
381,BBA,UHall,UG1,3.3042697909481147,4.771864220348324,72.69156882833907,75.10909520448345,0.8315353271937284,0.5209044000033414
382,MATH,Village,UG1,3.3729365390056745,5.794903603008182,71.8800293816142,154.62228832508157,0.7583192327005063,2.564233190714766
383,MATH,UHall,UG4,3.4618159465362908,4.599663125560719,118.08189459103906,81.26819046126127,0.1353010374429372,2.5697298888717786
384,COMP,OffCampus,UG3,2.700955905297214,6.192263180381463,234.62637697862678,80.82503362436768,2.932627359008508,5.30289659497557
385,MATH,OffCampus,UG1,3.2481326503995938,3.2275522937453887,224.64499253612973,9.606527780789516,1.9104605211614976,3.5607395045751558
386,COMP,SKL,UG2,3.6112476677309107,6.181040588321079,213.31190367930293,127.35062844406069,1.3310514867202992,6.627244349827375
387,MATH,OffCampus,UG3,3.039729079300009,4.75091089518565,69.59301993431404,39.771751156468554,1.2207264659962123,0.6263599837670144
388,COMP,Village,UG4,3.256508753731718,6.804046620759978,132.8444919844627,89.4568747674669,2.524272601485539,2.2276896702753977
389,ELEC,UHall,UG1,3.1082446657569083,6.017181729549571,35.2618349869028,99.08224678054253,2.255933827175464,0.5706408999258907
390,ELEC,Village,UG3,3.6395233559129867,7.060572580423257,160.7108552235311,171.29933922646802,2.2467429170442967,3.4775545220906237
391,COMP,SKL,UG1,3.3831955398849765,3.379501903823763,71.44156881880821,165.33793887287288,0.8619660023434176,0.0
392,MATH,Village,UG3,2.5750629687244992,4.7666916347961585,224.38567182905848,89.35553945420976,1.8410490510787216,5.4850627381425365
393,CIVL,OffCampus,UG1,2.9833360437150045,9.189192774200105,97.56097663672608,102.25928290469048,0.4270021634629385,4.077379289183428
394,ELEC,Village,UG3,3.026494426804576,4.61103889102081,115.95230255627459,84.93701825191982,1.2474199859492523,2.2499032991808185
395,CIVL,OffCampus,UG3,3.5211453142349343,2.5122348751518873,11.847567787982765,23.244074025003144,2.7588900218692345,1.3493506354074776
396,ELEC,SKL,UG3,3.6418001593936067,7.91204181792238,58.965001267881306,68.55450640508803,0.47416859666656913,1.9832507632439613
397,ELEC,Village,UG3,3.4813406773706705,8.762216124471326,117.08266720304316,142.46278399872332,0.26532995323464875,4.4355516931814565
398,BBA,SKL,UG1,2.8304579196985116,8.619159904088207,41.00744621656848,66.52552087334762,1.0086886769194616,2.976571748712975
399,MATH,Village,UG3,3.38902594363317,7.3844040364547405,85.92286186505356,119.71881316612361,0.9704540659220093,3.4943520256008367
400,BBA,SKL,UG2,3.578824024708095,8.863034696546213,41.189308239692295,100.10618422305372,0.4377454216661878,3.9803228924590153
401,MATH,UHall,UG1,3.303828003602602,6.52213850685005,100.2334225154818,141.13021306458722,1.548896795039223,2.420221810252162
402,COMP,SKL,UG2,3.122664936810966,3.947271923070332,54.35727229163532,4.233706672449202,0.6787307835608831,1.5184181411005269
403,BBA,UHall,UG3,2.5994047042803374,3.2459904043675296,236.3340463460899,13.149937225214973,2.725618971497582,6.460906015752239
404,MATH,UHall,UG3,3.6415433745519996,4.824221914195498,80.46394589578222,116.97453386692179,0.9124388885194282,0.20668678242457106
405,COMP,SKL,UG4,3.604199258262384,7.808980456660421,95.7819130170606,114.25661016716799,0.0,3.8598037290392972
406,COMP,SKL,UG4,3.456653545781579,6.831988419329621,100.95687617283745,110.25917642600415,0.041197847319861425,2.618172637600832
407,MATH,Village,UG1,3.6876442965093568,8.742958012241955,155.2027127513592,124.31703518566096,0.0,0.9516772628139507
408,COMP,SKL,UG1,3.0049629868749337,4.3395642164923,70.58233869227092,115.38833814849646,1.4866760231435148,2.2444959187312072
409,COMP,Village,UG3,2.643504781307556,3.8016971293040256,246.48895620629514,86.77053312333919,4.408308501049807,5.546572654619034
410,ELEC,Village,UG1,3.9027774697094557,7.327671581489036,152.8819327962151,57.77446220495296,0.17330148019190267,0.7816075680866077
411,ELEC,OffCampus,UG2,3.355805650898037,7.185530646667449,80.39472161119232,81.53940820048133,1.5561980306987122,2.6223057730571173
412,COMP,OffCampus,UG2,2.678708348409155,6.250473567681105,190.76959928670982,61.49563705515266,3.909175892750641,4.8521209856520615
413,COMP,UHall,UG1,3.071755604037214,4.551119012728101,43.246765287361214,63.232905726830694,2.791735250643651,1.3876785956708138
414,COMP,SKL,UG2,3.2293557761182647,7.525432543544547,41.94949230161357,49.372693260996485,1.0084296132025203,4.381771045140976
415,MATH,Village,UG4,3.4114171670482354,5.794401120369523,61.263507724897146,62.333636631633816,1.3007321070792994,1.6928498919208723
416,COMP,OffCampus,UG4,3.6099611454823215,8.824718395304602,126.26421196812463,137.41079090206463,2.2183672191938446,2.792965658158053
417,MATH,Village,UG4,2.8383608268971203,3.3617640182223876,137.79083777676792,82.14531339870464,3.1330422947368435,3.7713607651393515
418,ELEC,Village,UG2,3.0339097922434117,5.312427337105662,218.52214780748838,79.36230286304678,2.4003232441558393,5.416087164091406
419,MATH,UHall,UG4,3.1549760562932563,3.3935909376883187,55.01740496239118,12.87937859930782,1.8798006750951113,1.4630974875941516
420,COMP,UHall,UG3,3.0886789638643215,4.092332234900267,106.76702554074248,41.25507054978775,0.355873428395849,3.7079331528544053
